{"cameraMode":{"drawMode":0,"name":"Shaded","section":"Shading Mode"},"sceneLighting":false,"audioPlay":false,"sceneViewState":{"m_AlwaysRefresh":false,"showFog":false,"showSkybox":false,"showFlares":false,"showImageEffects":false,"showParticleSystems":false,"showVisualEffectGraphs":false,"m_FxEnabled":true},"in2DMode":false,"pivot":{"x":-0.017400026321411134,"y":0.7333999872207642,"z":-25.409000396728517},"rotation":{"x":0.0015423388686031104,"y":-0.05240273475646973,"z":0.0037242460530251266,"w":0.9986227750778198},"size":0.9044702053070068,"orthographic":false}