{"cameraMode":{"drawMode":0,"name":"Shaded","section":"Shading Mode"},"sceneLighting":true,"audioPlay":false,"sceneViewState":{"m_AlwaysRefresh":false,"showFog":false,"showSkybox":false,"showFlares":false,"showImageEffects":false,"showParticleSystems":false,"showVisualEffectGraphs":false,"m_FxEnabled":true},"in2DMode":false,"pivot":{"x":-2.360955238342285,"y":-1.2744956016540528,"z":-21.433732986450197},"rotation":{"x":0.036199502646923068,"y":-0.007295875810086727,"z":0.00390516291372478,"w":0.9993168711662293},"size":8.256613731384278,"orthographic":false}