{"cameraMode":{"drawMode":0,"name":"Shaded","section":"Shading Mode"},"sceneLighting":true,"audioPlay":false,"sceneViewState":{"m_AlwaysRefresh":false,"showFog":false,"showSkybox":false,"showFlares":false,"showImageEffects":false,"showParticleSystems":false,"showVisualEffectGraphs":false,"m_FxEnabled":true},"in2DMode":false,"pivot":{"x":-3.2355339527130129,"y":1.4197038412094117,"z":4.588189601898193},"rotation":{"x":0.03409643843770027,"y":-0.07130032032728195,"z":-0.0024387978482991459,"w":-0.9968691468238831},"size":6.705495357513428,"orthographic":false}